<?xml version="1.0" encoding="UTF-8"?>
<project-private xmlns="http://www.netbeans.org/ns/project-private/1">
    <editor-bookmarks xmlns="http://www.netbeans.org/ns/editor-bookmarks/2" lastBookmarkId="0"/>
    <open-files xmlns="http://www.netbeans.org/ns/projectui-open-files/2">
        <group>
            <file>file:/C:/Users/Positivo/Desktop/ips/src/br/edu/ifrn/pi/ips/telas/Alerta.java</file>
            <file>file:/C:/Users/Positivo/Desktop/ips/src/rmi/Evento.java</file>
            <file>file:/C:/Users/Positivo/Desktop/ips/src/br/edu/ifrn/pi/ips/telas/Sumula.java</file>
            <file>file:/C:/Users/Positivo/Desktop/ips/src/br/edu/ifrn/pi/ips/telas/TelaSelecionarJog.java</file>
            <file>file:/C:/Users/Positivo/Desktop/ips/src/br/edu/ifrn/pi/ips/conexao/CursoDAO.java</file>
            <file>file:/C:/Users/Positivo/Desktop/ips/src/rmi/Servidor.java</file>
        </group>
    </open-files>
</project-private>
